5,Kuromi Cooling Towel (Ice Friends Series),"Soak it up, wring it out, and cool down with these cooling towels! Designed to keep you cool post-workout or on a hot day, the longer length is perfect for wrapping around your neck. They're totally essential for any day at the beach or amusement park. ‚ô° Soak and wring out excess water to use. ‚ô° Towel: 11.8"" x 40""",790,999,7,2790ae86e3e39e9c8c31eace4052e248.png
26,Kuromi & My Melody x Dumbgood Split Tie-dye Hoodie,"Root for both of your favorite girls with this diagonal split tie-dye hoodie featuring a heart-shaped graphic of Kuromi and My Melody. Each piece is hand-dyed, so every pattern is unique! Founded in 2017 by Amelia Muqbel and Justin Deanda, Dumbgood creates streetwear pieces with an emphasis on 90s nostalgia featuring film, TV, and icons of the decade. ‚ô° Relaxed unisex fit ‚ô° Individually hand-dyed design ‚ô° Front kangaroo pocket ‚ô° Drawstring hood ‚ô° Ribbed cuffs ‚ô° 70% Cotton, 30% Polyester Size Body Length Chest Width Sleeve Length XS 26.5"" 21"" 23.5"" S 27.5"" 22"" 24.5"" M 28.5"" 23"" 25.5"" L 29.5"" 24"" 26.5"" XL 30.5"" 25"" 27.5"" 2XL 31.5"" 26"" 28.5""",430,9800,3,913078746a682746d358f69ed725049e.png
254,"Anime Inspired Jewelry, Anime Necklace, Anime Pendant, Anime Jewelry, FairyTale Anime, 925 Sterling Silver Necklace, Gift For Him, Gift Idea","Anime Inspired Jewelry, Anime Necklace, Anime Pendant, Anime Jewelry, FairyTale Anime, 925 Sterling Silver Necklace, Gift For Him, Gift Idea",79,19200,6,1d16d4da08b9b6f5fc407e112e50d280.png
20,LittleTwinStars Classic Mini Tote,"Keep it classic with these mini character totes! They're cute and perfect for carrying small items to-and-fro. Whether it's bringing your lunch to work or filling it with yummy treats as a gift, all we can say is that these totes are totes adorable. ‚ô° Nylon webbing strap ‚ô° Printed canvas ‚ô° Approx. 7"" x 7""",-1,999,2,442e80a974dadff2be12947eb2e23aa2.png
252,Anime Ring English Letter Ring Night God Moon L Men's and Women's Anime Peripheral Jewelry Halloween Gift,"Anime role-playing rings, gifts for him - gifts for her - lovers rings, these lovely rings will look great on your rings! The palette uses the brand's authentic classic color scheme.",10499,7211,6,5a52dcc0e15709ecb6422849b029d4f2.png
3,Holiday 2021 Sequin Hello Kitty & Friends Stocking,"Our Christmas wish was answered with this statement mantle piece! With a handful of different characters, it's a collectible piece you'll treasure this year and beyond. For Holiday 2021, decorate your home with the collectible Hello Kitty &amp; Friends Stocking and Wreath. Make it the cutest holiday season ever with Sanrio! ‚ô° Holiday 2021 exclusive ‚ô° Red hanging loop ‚ô° Sequined design ‚ô° Includes Chococat, Hello Kitty, Badtz-maru. Keroppi, and Pochacco",858,4800,7,624ef1ec489be3c173bc81658bfba16b.png
250,Attack on Titan - The Final Season Mousepad,Attack on Titan - The Final Season Mousepad,494,1695,9,cb4bffffbe8ad44c9a718d1d9ae21e33.png
126,City of Winds and Idylls Original Soundtrack Gift Box,City of Winds and Idylls Original Soundtrack Gift Box,493,14999,4,af6194e1d5f877069004049ede9cfc14.png
248,Attack On Titan - Eren Yeager Manga Lanyard,Attack On Titan - Eren Yeager Manga Lanyard,589,99400,9,4bf57e66a49ce6a0614da72cbb57e5f0.png
9,My Melody & Kuromi x Dumbgood Mismatched Socks,"Not into crew socks, but still need your Sanrio x Dumbgood fix? These mismatched no-show socks are the answer. With alternating pink and black colorblocking, they'll be your new faves. Founded in 2017 by Amelia Muqbel and Justin Deanda , Dumbgood creates streetwear pieces with an emphasis on 90s nostalgia featuring film, TV, and icons of the decade. ‚ô° Cotton and Spandex ‚ô° Sock Size: 9-11 ‚ô° Foot: 18cm, Width: 8cm",538,1600,3,697eb1971230c45fd72160e04e0932b8.png
251,"Moving Castle Jewelry Set, Howl's Earrings, Anime Earrings, Cosplay Earrings, Green Drop Earrings, Emerald Earrings, Moving Castle Rings Set","Easy and fun for all everyday wear, outdoor, party, cosplay, wedding, holidays, Halloween, Thanksgiving, Christmas, etc.",105,4800,6,209154802f612f33abe8786e3edbe1c4.png
127,City of Winds and Idylls Original Soundtrack CD Box Set,City of Winds and Idylls Original Soundtrack CD Box Set,964,6998,4,de91901c460b346b82db2520359d296e.png
253,Anime Slayer pendant and chain | anime necklace | demon anime | no yaiba anime,Anime chain and pendant made from zinc alloy.,-1,4900,6,45472ecc43d0c5490fa86d463f2e2daf.png
128,Genshin Impact Illustration Collection Book Vol.1,Genshin Impact Illustration Collection Book Vol.1,-1,6998,9,2aa3b02f011c206da12c261a87d811c4.png
160,Attack on Titan - Mikasa Ackerman ArtFX J (Renewal Package Ver),Attack on Titan - Mikasa Ackerman ArtFX J (Renewal Package Ver),728,6770,8,d0a4c98acbf5bdb314b5668ca3e485d0.png
14,Keroppi Paisley Face Mask,"Help keep yourself and others safe with the reusable Keroppi Paisley Face Mask. It has two elastic loops and can be washed for repeated use. It also features his friend, Teruteru. ‚ô° Reusable fabric ‚ô° 8"" x 6""",416,499,1,40b2256091361402dfb2c3a666846102.png
245,Attack On Titan - Levi Nendoroid Pin,Attack On Titan - Levi Nendoroid Pin,563,1495,8,10e349db75bd986642f44a490baf5fb0.png
161,Attack on Titan - Eren Jaeger Funko Pop!,Attack on Titan - Eren Jaeger Funko Pop!,407,1199,8,ce2a5685e869998072844985fc268aae.png
162,Attack on Titan - Mikasa Ackermann Funko Pop!,Attack on Titan - Mikasa Ackermann Funko Pop!,615,1199,8,3be0c917d4fd41428b3f20db78d63dba.png
148,Xiao Impression Messenger Bag,Xiao Impression Messenger Bag,-1,5999,2,051c0489c9c11e240acd9c9187578cbf.png
212,Attack on Titan - SD Eren Mouse Pad,Attack on Titan - SD Eren Mouse Pad,336,89900,9,8a36be7f22435fbd8b8cdf17911147e2.png
255,"NANA Lover's Key&lock Necklace, Anime Jewelry, Nana Anime Jewelry, Pendant Necklace, Cosplay Necklace, Necklace Anime Manga, Pendant Cosplay","Cute gift ideal for boyfriend, girlfriend, husband, wife, couples or loved ones.",19,6641,6,50a7e3eaea7f8a13278b1f123d541e44.png
15,My Melody Cooling Scarf (Ice Friends Series),"Soak it up, wring it out, and cool down with these cooling towels! Designed to keep you cool post-workout or on a hot day, the longer length is perfect for wrapping around your neck. They're totally essential for any day at the beach or amusement park. ‚ô° Soak and wring out excess water to use. ‚ô° Towel: 11.8"" x 40""",325,999,7,4799b137b79ae0e9f8fea7837f0f410c.png
37,Hello Kitty x Alex & Ani Hearts Flutter Bangle,"Hello Kitty is an icon of kindness and an inspiration to us all! This expandable wire bangle has Hello Kitty on a pink enamel charm surrounded with hearts. Alex &amp; Ani is named after the founder's first two daughters. Based in Rhode Island, all their jewelry designs are nickle-free and aspire to help you express your own unique self. ‚ô° Expandable from 2"" to 3.5"" ‚ô° Gold finish ‚ô° Nickel-free",446,3400,6,ae30a8b1ed6b03b1cf5b53c0f57c4ce2.png
216,Attack on Titan: Junior High - The Complete Series - Essentials - Blu-ray,Attack on Titan: Junior High - The Complete Series - Essentials - Blu-ray,-1,1748,4,860ece60bd9530490dc96408a82a46e1.png
218,Attack on Titan The Movie - Part 1 - Blu-ray + DVD,Attack on Titan The Movie - Part 1 - Blu-ray + DVD,461,2624,4,87ecdc0e56521d43e3296590eeacb2df.png
221,Attack on Titan The Movie - Live Action Movie - Part 2 - Blu-ray + DVD,Attack on Titan The Movie - Live Action Movie - Part 2 - Blu-ray + DVD,-1,2624,4,b2f980361fc8d7864264b13f54a15303.png
50,My Melody Paisley Face Mask,"Help keep yourself and others safe with the reusable My Melody Paisley Face Mask. It has two elastic loops and can be washed for repeated use. It also features her strawberry icon throughout. ‚ô° Reusable fabric ‚ô° 8"" x 6""",745,499,1,520e024491bfcaa9c92218154a7dfd1b.png
12,Cinnamoroll x Dumbgood Star Sweatpants,"Fly high with CInnamoroll in our newest Dumbgood capsule featuring a flurry of sherbet-colored stars, embroidered denim, and more. These sky blue sweatpants feature puff-print stars and characters all-over. Wear it with the Cinnamoroll Star Sweatshirt for a matching set. Founded in 2017 by Amelia Muqbel and Justin Deanda , Dumbgood creates streetwear pieces with an emphasis on 90s nostalgia featuring film, TV, and icons of the decade. ‚ô° Puff print graphics ‚ô° Drawstring waist ‚ô° Side pockets ‚ô° Banded cuffs ‚ô° Relaxed unisex fit and sizing ‚ô° French terry ‚ô° 60% Cotton, 40% Poly Size Waist Inseam XS 27-29"" 27-29"" S 29-31"" 27 1/2-29 1/2"" M 31-33"" 28 1/2-30 1/2"" L 33-35"" 28 1/2-30 1/2"" XL 35-37"" 28 1/2-30 1/2"" 2XL 37-39"" 28 1/2-30 1/2"" 3XL 39-41"" 31""",714,8500,3,12315dca500b4a74402977689e3b5fd3.png
42,Hello Kitty x Pusheen Pusheen Jumbo Squishy,"So cute, so squishy! These make a great alternative to stress balls for both kids and adults. The Jumbo size clocks in at a 6"", perfect for the most satisfying squish . When you're not using it, it makes for a supercute accessory to keep on the shelf or at your desk! PS. It also has a lovely sweet scent! Get both for a matching set! The limited-edition Hello Kitty x Pusheen collaboration unites Hello Kitty and Pusheen¬Æ for the first time to celebrate friendship and long-lasting connections! Pusheen is a tubby tabby cat who brings smiles and laughter to people all around the world. She became famous through her animated comics and GIFs, as well as through her widely used animated stickers on Facebook, Instagram, iMessage, and other platforms. ‚ô° Soft, sweet scent ‚ô° Slow-rising, super-satisfying squish ‚ô° Approx. 6""",678,1698,8,80c7e7b5b55b4fa04134814e257a7aa9.png
104,Genshin Impact Hilichurl Plushie Doll & Keychain,Genshin Impact Hilichurl Plushie Doll & Keychain,406,1998,8,7b62033e276e8306f84af01d7d48dc28.png
202,Attack on Titan - Sasha Braus T-Shirt,Attack on Titan - Sasha Braus T-Shirt,288,1998,3,6b1fa76817336a12350d5daeaff7b023.png
189,Attack on Titan - Attack Titan Desk Mat,Attack on Titan - Attack Titan Desk Mat,364,3295,9,77e082e19cab55fb40e728e0a9b10f7b.png
107,Klee‚Äôs Jumpy Dumpty Plush Blind Box,Klee‚Äôs Jumpy Dumpty Plush Blind Box,-1,1898,8,bfa787aa31eaaf204946d547d30eed80.png
102,Genshin Impact Aranara Keychain,Genshin Impact Aranara Keychain,313,1599,1,da12e4a22b314c64085f75ca9cb824bd.png
100,Cadillac x Genshin Impact Tote Bag,Cadillac x Genshin Impact Tote Bag,515,3399,2,41e9edfbed2a7be712aca796a0264092.png
103,Zhongli ‚ÄúI Will Have Order‚Äù Keychain,Zhongli ‚ÄúI Will Have Order‚Äù Keychain,326,2499,1,20709f83a206667805677a1ca6700290.png
28,Hello Kitty x Alex & Ani Huggie Hoop Earrings (Silver),"These hoop earrings are designed with a smaller diameter to sit closer to you ear. They have charms that swing freely along the ring, allowing you to mix and match with the additional bow and flower charms. Alex &amp; Ani is named after the founder's first two daughters. Based in Rhode Island, all their jewelry designs are nickle-free and aspire to help you express your own unique self. ‚ô° Silver finish ‚ô° Nickle-free ‚ô° Hello Kitty and Bow charm: 0.50"" ‚ô° Tulip charm: 0.27""",-1,4900,6,d064d904ad1adbd7da603fa58d1cf51b.png
24,Mewkledreamy Belt Clip Pouch (Lilac Gingham Series),"If you love keeping a few things close by, but can't be bothered with carrying a bag everywhere, this clip-on pouch might be the perfect thing. It has two clips on the back to securely attach to your belt or waist band. With a velcro closure, the interior has two pockets for keeping your face mask, some cash, lip balm, or whatever! The Lilac Gingham Series features Mewkledreamy and her kitten friend, Chia, who she treats like her little sister. Surrounded by star-shaped gemstones, it's also accented with a cute gingham print. ‚ô° Part of the Sparkling Stone Series ‚ô° Two interior pockets, velcro closure ‚ô° Two removable clasps on the back ‚ô° 5.25"" x 4.5""",947,980,5,cadc4faa5f99cd4cbc18c59e90101c00.png
25,Hello Kitty x Gundam FiGPiN #776 Guncannon Hello Kitty,"Start your pin collection with the Guncannon Hello Kitty #776. Encased in a clear display box, you can keep them on a shelf for display or wear them like your favorite accessory. Each one has a unique alphanumeric serial number, making each one uniquely yours. The Gundam series is an iconic anime known for its giant robots known as Mobile Suits. Through toys, hobby items, and related media franchises, it's grown as one of the largest and most well-known cultural icons of Japan. ‚ô° Zinc alloy inlaid with enamel ‚ô° Finished with electroplated nickel ‚ô° Approx. 3"" tall (Pin) ‚ô° Includes unique laser engraved, serial number on the back",390,999,1,4771b0472c4b35af00a1cff60773d225.png
108,Hu Tao OPPO OnePlus Ace Pro Genshin Impact Limited Edition,Hu Tao OPPO OnePlus Ace Pro Genshin Impact Limited Edition,579,1113,1,f81e1aca5009f0d3fcfd56077376663d.png
110,Xiao Vigilant Yaksha Mechanical Keyboard,Xiao Vigilant Yaksha Mechanical Keyboard,-1,32999,9,bfc5194c5cba0f99ada46a630e6c9697.png
121,City of Winds and Idylls Original Soundtrack Gift Box,City of Winds and Idylls Original Soundtrack Gift Box,-1,14999,4,3bcfe57d70702a953d26eb2f2df83497.png
125,Genshin Impact Theme Document File,Genshin Impact Theme Document File,444,1099,9,5c13487d0b05d597adbf4b4011d2df86.png
44,Kuromi x Dumbgood Polka Dot Hoodie,"Featuring a relaxed unisex fit, this hoodie has a subtle grey polka-dot print throughout. At the center is Kuromi looking as cute as ever! On the right sleeve is her name and on the left sleeve is a few cherries. Wear it oversized for a supercute, street-ready fit. üçí Founded in 2017 by Amelia Muqbel and Justin Deanda , Dumbgood creates streetwear pieces with an emphasis on 90s nostalgia featuring film, TV, and icons of the decade. ‚ô° Screen-printed polka dots ‚ô° Drawstring hood ‚ô° Long sleeves ‚ô° Front pouch pocket ‚ô° 60% cotton, 40% Polyester Size Body Length Chest Width Sleeve Length XS 26.5"" 21"" 23.5"" S 27.5"" 22"" 24.5"" M 28.5"" 23"" 25.5"" L 29.5"" 24"" 26.5"" XL 30.5"" 25"" 27.5"" 2XL 31.5"" 26"" 28.5""",908,9800,3,c0bcb0ba51c38a6909ff802f320ddb12.png
11,Hello Kitty Travel Umbrella (City Tour),"Keep this travel-ready Hello Kitty umbrella in your car or by the door in case of unexpected showers! We love the illustrated cityscape featuring Hello Kitty exploring about in all manners of transport‚Äîby plane, by car, and even by rocking-horse! ‚ô° Cityscape print with Hello Kitty ‚ô° Hanging loops on both case and umbrella handle ‚ô° 8.5"" (Folded up)",331,3800,1,c17a41dc3a8e91e402eb309543eb648e.png
97,"Pochacco Denim Duds 8"" Plush","Where does this cutie think he's going! Pochacco's never looked more handsome than in his slick black denim jacket and red t-shirt. It has faux buttons using silver embroidery with a large embroidered nameplate at the back. ‚ô° Part of the Denim Duds series ‚ô° Denim outfit ‚ô° Embroidered detailing ‚ô° Nameplate patch ‚ô° Approx. 8"" tall",490,2800,8,accc1ebc4df72ffc747ed13b56097a7f.png
206,Attack on Titan - Scout Regiment Backpack,Attack on Titan - Scout Regiment Backpack,838,3499,2,518d4006182aecf7c7c837de1fbdd48d.png
198,Attack on Titan - Eren Yeager Nendoroid Pin,Attack on Titan - Eren Yeager Nendoroid Pin,295,1499,8,8d14503c2829bc7c9e0e103b6a51f2d9.png
215,Attack on Titan: Junior High - The Complete Series - Blu-ray + DVD,Attack on Titan: Junior High - The Complete Series - Blu-ray + DVD,930,4874,4,8b2f1beea831e43a17cf39dc165dc7b1.png
157,Attack on Titan - Final Season - Part 1 - Blu-ray + DVD,Attack on Titan - Final Season - Part 1 - Blu-ray + DVD,324,4874,4,db9852396f936e90061575b4be0570f4.png
130,Chibi Character Keychain,Chibi Character Keychain,734,1499,1,2d256bf0e888b803dbe0e28cf3956f8e.png
233,Attack on Titan - Ymir's Titan Funko Pop!,Attack on Titan - Ymir's Titan Funko Pop!,991,1199,8,554da78bf9ca1f3c308ba142ef5af4c2.png
145,Genshin Impact Xiao: Vigilant Yaksha Ver. 1/7 Scale Figure,Genshin Impact Xiao: Vigilant Yaksha Ver. 1/7 Scale Figure,474,28999,8,a4aa9f0bc03fa56c52811ad19ff53c9c.png
224,Attack on Titan - Mikasa Ackermann Mochibi Plush,Attack on Titan - Mikasa Ackermann Mochibi Plush,463,1499,8,d8126c20ef30e8ec54ecf8a14d0d9c33.png
229,Attack on Titan - Eren Yeager The Final Season Figure,Attack on Titan - Eren Yeager The Final Season Figure,753,2699,8,13ccd2e850c78b095cff3de86e77c2cf.png
129,Chibi Character Keychain,Chibi Character Keychain,312,1499,1,4b088648191dbdd0155c335ee80f0d06.png
241,Attack on Titan - Reiner Braun Nendoroid,Attack on Titan - Reiner Braun Nendoroid,985,6399,8,1fb815acf006cc117efb2952813815e0.png
109,City of Winds and Idylls Original Soundtrack Gift Box,City of Winds and Idylls Original Soundtrack Gift Box,-1,14999,4,a029ab17d2753ce045e2bdbb2e2c23d2.png
111,Cadillac x Genshin Impact 1:18 Scale Model Car,Cadillac x Genshin Impact 1:18 Scale Model Car,294,17999,8,f02d2113371c8d967078788378437cce.png
132,Nahida Metal Bookmark,Nahida Metal Bookmark,829,2499,9,71f8761ad89fc9a13cd58fda9964d037.png
124,Klee Jumpy Dumpty Ceramic Mug,Klee Jumpy Dumpty Ceramic Mug,-1,6998,5,fee81c30d541aabfe6e6bf6da4fb7ae6.png
106,Hu Tao Metal Bookmark,Hu Tao Metal Bookmark,911,2499,9,83b36e2a01ce1a48915f990aa1f6d3c4.png
138,Chibi Character Keychain,Chibi Character Keychain,642,1499,1,29ca8c8e590c3aaa05de72b0ec08a3f9.png
143,Xiao Impression Worker Jacket,Xiao Impression Worker Jacket,756,10299,3,f8c9b0b8e36e18d80fdbd8e79a3e1296.png
105,Xiao Yaksha Mask Metal Keychain,Xiao Yaksha Mask Metal Keychain,909,1698,1,3413ee5ccfb2f387f14c6c08470f3bbc.png
190,Attack on Titan - Colossal Titan Desk Mat,Attack on Titan - Colossal Titan Desk Mat,887,3295,9,252d4fe936cfbf2ea375f61da49e4b63.png
159,Attack on Titan - Eren Yeager Pop Up Parade,Attack on Titan - Eren Yeager Pop Up Parade,465,3999,8,58977695cdcaace016f24fd53633b78a.png
155,Attack On Titan - Levi Ackerman Pop Up Parade (Dark Color Ver.) - Crunchyroll Exclusive!,Attack On Titan - Levi Ackerman Pop Up Parade (Dark Color Ver.) - Crunchyroll Exclusive!,845,4299,8,9f47695276ef8fcd7b956f24a0f4abb2.png
197,Attack on Titan - Armin Arlert Nendoroid (3rd Run),Attack on Titan - Armin Arlert Nendoroid (3rd Run),603,5499,8,932c50af25c81b97a1f0270c2a6ce6ed.png
220,Attack on Titan: The Final Season - Levi Special Figure,Attack on Titan: The Final Season - Levi Special Figure,705,2699,8,e090a2ce262173e48019154bc1639b67.png
223,Attack on Titan - Armin Arlelt Mochibi Plush,Attack on Titan - Armin Arlelt Mochibi Plush,-1,1499,8,3286f34dbd44f16674a52021ae38b6ab.png
225,Attack on Titan - Eren Jaeger Mochibi Plush,Attack on Titan - Eren Jaeger Mochibi Plush,486,1499,8,7dc6b42a43a8b4a208664cd132b63a6a.png
227,Attack on Titan - Eren Jaeger Titan Mochibi Plush,Attack on Titan - Eren Jaeger Titan Mochibi Plush,641,1499,8,d9855f49450f3c86744258dc350f95d4.png
228,Attack on Titan - Levi The Final Season Figure,Attack on Titan - Levi The Final Season Figure,955,2699,8,135ff0b7057588c798bd452b31ab04dd.png
231,Attack on Titan - Formal Levi Funko Pop!,Attack on Titan - Formal Levi Funko Pop!,426,1499,8,7ec7521f49f10a218fb0c99b29049ed6.png
232,Attack on Titan - Bertholdt Hoover Funko Pop!,Attack on Titan - Bertholdt Hoover Funko Pop!,752,1199,8,17bc497e079356d2bf53af694445185e.png
242,"Attack On Titan - Cleaning Levi Ackerman Plush 8""","Attack On Titan - Cleaning Levi Ackerman Plush 8""",728,2295,8,3db59cde85c0dd63366dea8cac01ffdc.png
246,Attack on Titan - Reiner Braun Pop Up Parade Figure,Attack on Titan - Reiner Braun Pop Up Parade Figure,992,3499,8,0a065fdc0de5672ef34241c1061e2e77.png
247,Attack on Titan - Mikasa Ackerman (The Final Season Ver.) Nendoroid,Attack on Titan - Mikasa Ackerman (The Final Season Ver.) Nendoroid,290,7098,8,22aa0a6d7139d6d10ab21c15f7e950a3.png
41,My Melody Wooden Trinket Tray,"Keep your trinkets all in one place using this wooden tray. It's perfect for jewelry you wear on the regular. You can also keep it by the doorway for your keys and lip balm. The wooden design will last for years and adds a cozy vibe to any space. ‚ô° Solid wood ‚ô° Tray area approx. 3.5""",-1,1299,5,cc009e798d9af45d9ae6bf38ca3e6e6d.png
178,Attack on Titan - Levi Ackerman Final Season Otaku Lamp,Attack on Titan - Levi Ackerman Final Season Otaku Lamp,755,3495,8,cd77c47cb81876d2a5157a40cf3a0eb6.png
170,"Attack On Titan -  3"" Kawaii Blind Box Figure","Attack On Titan -  3"" Kawaii Blind Box Figure",-1,1099,8,178af1e384946ebe3869523b03d396dd.png
230,Attack On Titan - Poster Art T-Shirt,Attack On Titan - Poster Art T-Shirt,-1,2495,3,ad9ff962f85e015cb7010b61f9c193da.png
209,Attack on Titan - Season 3 Part 1 - Blu-ray + DVD,Attack on Titan - Season 3 Part 1 - Blu-ray + DVD,943,2999,4,e966914256247a8b1afb4c793ff16a16.png
234,Attack on Titan - Season 1 Soundtrack Triple LP Vinyl,Attack on Titan - Season 1 Soundtrack Triple LP Vinyl,342,4999,4,d293956375f1cf9720889c37c5468a65.png
211,Attack on Titan - Garrison Regiment Wall Clock,Attack on Titan - Garrison Regiment Wall Clock,851,1599,5,c5eea212f162588c98f524fd42de5535.png
219,Attack on Titan - Scout Regiment Raglan Shirt,Attack on Titan - Scout Regiment Raglan Shirt,698,2099,3,dc99e7c36f607b6593a18f6e8dc935c0.png
226,Attack on Titan - Scout Regiment Beanie,Attack on Titan - Scout Regiment Beanie,353,2495,3,91331d525c71bbcd94f2c2705412d787.png
239,Attack on Titan - Mikasa Ackerman Vintage Skate Deck,Attack on Titan - Mikasa Ackerman Vintage Skate Deck,685,5995,2,1ebac12ada639a80c582ef5c227c4f98.png
235,Attack on Titan - Season 1 Soundtrack Deluxe Edition Vinyl,Attack on Titan - Season 1 Soundtrack Deluxe Edition Vinyl,934,9999,4,4ae78936beff93f93c8c8820c110c4c1.png
236,Attack on Titan - Season 2 Soundtrack 5x LP Deluxe Edition Vinyl,Attack on Titan - Season 2 Soundtrack 5x LP Deluxe Edition Vinyl,-1,10050,4,44e5240c868bdcffdf465e943cd15b19.png
222,Attack on Titan The Movie - Live Action Movie - Part 2 - DVD,Attack on Titan The Movie - Live Action Movie - Part 2 - DVD,383,2249,4,c487197afc9ae80f1a36fef4fc7e9008.png
217,Attack on Titan - Sasha Braus Chibi T-Shirt,Attack on Titan - Sasha Braus Chibi T-Shirt,-1,1199,3,ce236f7a39981f9c573dfdc34248fa22.png
238,Attack on Titan - Levi Vintage Skate Deck,Attack on Titan - Levi Vintage Skate Deck,711,5995,8,d0247acba2362efc02dd6ba5ec99598b.png
237,Attack on Titan - Season 2 Soundtrack Triple LP Vinyl,Attack on Titan - Season 2 Soundtrack Triple LP Vinyl,547,4999,4,589f836a7526d0dd561bcf4e77d28a0a.png
214,Attack on Titan - Military Police Wall Clock,Attack on Titan - Military Police Wall Clock,613,1599,5,f20019ffb341e58c8ac6b3797736d1d3.png
210,Attack on Titan - Cadet Corps Chibi T-Shirt,Attack on Titan - Cadet Corps Chibi T-Shirt,926,1998,3,4a4d485be84e01d32da2914070904d9f.png
213,Attack on Titan - Cadet Corps Wall Clock,Attack on Titan - Cadet Corps Wall Clock,602,1599,5,6baf83f4bcb6aa9dc8ef5afbcfa6ed10.png
144,Xiao Impression Shirt,Xiao Impression Shirt,-1,7398,3,b56e0801e9f2e4ff9f1c5dd88383322e.png
45,Kuromi & My Melody x Dumbgood Striped Shorts,"Too cute! These Striped Lounge Shorts have a drawstring waist for the perfect fit. Wear it with the matching Striped Cropped Long Sleeve and Striped Beanie for a complete, coordinated outfit. Founded in 2017 by Amelia Muqbel and Justin Deanda , Dumbgood creates streetwear pieces with an emphasis on 90s nostalgia featuring film, TV, and icons of the decade. ‚ô° Puff print artwork ‚ô° Side pockets ‚ô° Drawstring waist ‚ô° Relaxed, unisex fit ‚ô° 100% Cotton Size Waist Inseam XS 11""-13"" 4 1/2"" S 12""-14"" 4 1/2"" M 13""-15"" 4 1/2"" L 14""-16"" 4 1/2"" XL 15""-17"" 4 1/2"" 2XL 16""-18"" 4 1/2""",655,5500,3,c9b05ef21f0863033d3884aab9855edb.png
39,Sanrio Friend of the Month Denim Tote Bag,"This simple dark-wash denim tote bag is perfect for showing off your Friend of the Month collection. Whether you attach the 2022 mascot clips to the straps or display previous years' collectible pins, flex your Sanrio collection on this ready-made canvas! ‚ô° Dark-wash denim ‚ô° Approx. 13.75"" x 14.5""",-1,1200,2,eb2ccfbd86149dcb47cc94d8a1191f03.png
49,My Melody & Kuromi x Dumbgood Crop Hoodie,"With Kuromi dressed as a devil and My Melody as an angel, this cropped hoodie is giving everything we've ever wanted. The left sleeve has bow graphics and the right has Kuromi's iconic skull. Founded in 2017 by Amelia Muqbel and Justin Deanda , Dumbgood creates streetwear pieces with an emphasis on 90s nostalgia featuring film, TV, and icons of the decade. ‚ô° Print on front and sleeve ‚ô° Drawstring hood ‚ô° Long sleeves ‚ô° 60% Cotton, 40% Polyester Size Body Length Chest Width Sleeve Length XS 15"" 19.5"" 22"" S 16"" 20.5"" 23"" M 17"" 21.5"" 24"" L 18"" 22.5"" 25"" XL 19"" 23.5"" 26"" 2XL 20"" 24.5"" 27""",-1,9800,3,c0b6a999101ce9a50659a836b77331b6.png
131,Inazuma Character Acrylic Standee,Inazuma Character Acrylic Standee,789,1998,8,aaf7801ad5fc1ac92d7000ca96145c0c.png
147,Genshin Impact Vision Keychain,Genshin Impact Vision Keychain,-1,1599,1,bf30ca229e8f55d433e38c2e813d6acf.png
153,Xiao Impression Belt,Xiao Impression Belt,401,2799,1,a835969419661493ce015c68d2e7b3b2.png
156,Attack On Titan - Mikasa Thunder Spears T-Shirt - Crunchyroll Exclusive!,Attack On Titan - Mikasa Thunder Spears T-Shirt - Crunchyroll Exclusive!,487,2495,3,38f8646cf9f31abe6b0fb129c980dbb9.png
38,Kuromi & My Melody x Dumbgood Striped Beanie,"With a heart-shaped patch on the cuff and a periwinkle pompom, this beanie couldn't be cuter! Wear it with the matching Striped Crop Long Sleeve and Striped Shorts for a complete, coordinated look. Founded in 2017 by Amelia Muqbel and Justin Deanda , Dumbgood creates streetwear pieces with an emphasis on 90s nostalgia featuring film, TV, and icons of the decade. ‚ô° 100% Acrylic ‚ô° One size fits most ‚ô° Embroidered patch",316,2400,3,51a14bcc6c27e1e1df18456a03537f01.png
151,Genshin Impact Slime Plushie,Genshin Impact Slime Plushie,-1,2699,8,01a2cae87d3dea1d7f55bb6b6417fa21.png
40,Hello Kitty x Gundam Zeon Sticker,"Time to suit up! This sticker features the emblem for the Principality of Zeon. Stick it on your water bottle, laptop, or wherever else. The Gundam series is an iconic anime known for its giant robots known as Mobile Suits. Through toys, hobby items, and related media franchises, it's grown as one of the largest and most well-known cultural icons of Japan. ‚ô° Front and back graphics ‚ô° Short sleeve",760,642,9,513939cb723bdaedb7efc9223be16213.png
240,Attack on Titan - Eren Yeager Pop Up Parade XL,Attack on Titan - Eren Yeager Pop Up Parade XL,804,2350,8,741be6d4c82a8b69c047982dfdb566dd.png
195,Attack on Titan - Eren Yeager Nendoroid (3rd Run),Attack on Titan - Eren Yeager Nendoroid (3rd Run),888,5499,8,2a0806933ae0ece194258b6890725027.png
196,Attack on Titan- Mikasa Ackerman Nendroid (3rd Run),Attack on Titan- Mikasa Ackerman Nendroid (3rd Run),666,5499,8,125f973957279fcd8d25134b0b361cc9.png
4,Holiday 2021 Sequin Aggretsuko Ornament,"Raging from the holiday stress? Aggretsuko knows all about that! For Holiday 2021, collect all thirteen sequin ornaments featuring a sequined design, embroidered details, and festive holiday motif. Make your tree the cutest one yet with Sanrio ‚ô° ‚ô° Holiday 2021 exclusive ‚ô° Red hanging loop ‚ô° Sequined design ‚ô° Approx. 4""",861,850,7,8631e82c6afb6aacb69d734cfa49ae2a.png
35,LittleTwinStars Gold Enamel Charm Necklace,"So cute! This simple charm necklace is perfect for any LittleTwinStars fan. Kiki and Lala stand back to back for the cutest pose ever. Pair it with the matching LittleTwinStars Enamel Earrings set for a coordinating look. ‚ô° Gold finish ‚ô° Enamel charm ‚ô° Star-shaped accent ‚ô° LittleTwinStars signature on reverse ‚ô° Approx. 19"" long",644,3975,6,1c0b5f9de9d8acb6497c32d1fcdb8ec8.png
6,Kuromi & My Melody x Dumbgood Reversible Sherpa Zip Hoodie,"Are you cheeky like Kuromi or sweet like My Melody? With this reversible hoodie, you can be both! Constructed in cozy fleece throughout, the Kuromi side has a skull embroidered at the top of the hood, while the My Melody side has a bow. Founded in 2017 by Amelia Muqbel and Justin Deanda , Dumbgood creates streetwear pieces with an emphasis on 90s nostalgia featuring film, TV, and icons of the decade. ‚ô° Sherpa fleece ‚ô° Embroidered skull and bow detail ‚ô° Zip front ‚ô° Kangaroo pocket ‚ô° Embroidered name at the chest ‚ô° 100% Polyester Size Body Length Chest Width Sleeve Length XS 27"" 21 1/2"" 23"" S 28"" 22 1/2 "" 23 1/2"" M 29"" 23 1/2 "" 24"" L 30"" 24 1/2 "" 24 1/2"" XL 31"" 25 1/2 "" 25"" 2XL 32"" 26 1/2 "" 25 1/2"" 3XL 33"" 27 1/2 "" 26""",483,9800,3,fb48fd35b18b4bfaf7867de3d3cfc59f.png
7,LittleTwinStars x Dumbgood Sherpa Zip Hoodie,"Cozy on up with Kiki and Lala! This adorable sherpa fleece hoodie has an all-over LittleTwinStars print on a cosmic yellow background. Pair it with the rest of the LittleTwinStars x Dumbgood styles for an adorable look. Founded in 2017 by Amelia Muqbel and Justin Deanda , Dumbgood creates streetwear pieces with an emphasis on 90s nostalgia featuring film, TV, and icons of the decade. ‚ô° All-over print sherpa fleece ‚ô° 100% polyester ‚ô° Zip-front ‚ô° Drawstring hood ‚ô° Front pockets Size Body Length Chest Width Sleeve Length XS 27"" 21 1/2"" 23"" S 28"" 22 1/2 "" 23 1/2"" M 29"" 23 1/2 "" 24"" L 30"" 24 1/2 "" 24 1/2"" XL 31"" 25 1/2 "" 25"" 2XL 32"" 26 1/2 "" 25 1/2"" 3XL 33"" 27 1/2 "" 26""",321,9000,3,771517c1c45d366adef2e01aa1c44800.png
8,Kuromi x GIRL Tokyo Speed Tee (Lavender),"A cute lavender tee to wear whenever! It has the small GIRL logo paired with Kuromi's silhouette at the chest and a larger Kuromi graphic at the back. Girl Skateboards is a Torrance, California based skateboarding company that was started in August 1993 by Rick Howard, Mike Carroll, Megan Baltimore, and Spike Jonze. ‚ô° Unisex fit ‚ô° Graphic chest and back ‚ô° Woven tab on bottom hem",639,2400,3,7d518ab10fee2889c0bc28eb7ea977e4.png
10,Cinnamoroll x Dumbgood Star Sweatshirt,"Fly high with CInnamoroll in our newest Dumbgood capsule featuring a flurry of sherbet-colored stars, embroidered denim, and more. This sky blue crewneck sweatshirt features puff-print stars and characters all-over. Wear it with the Cinnamoroll Star Sweatpant for a matching set. Founded in 2017 by Amelia Muqbel and Justin Deanda , Dumbgood creates streetwear pieces with an emphasis on 90s nostalgia featuring film, TV, and icons of the decade. ‚ô° Long sleeve ribbed crewneck ‚ô° Puff print all-over ‚ô° Relaxed unisex fit ‚ô° French terry ‚ô° 100% Cotton Size Body Length Chest Width Sleeve Length XS 25 1/2"" 23"" 20 1/2"" S 26 1/2"" 24"" 21 1/2"" M 27 1/2"" 25"" 22 1/2"" L 28 1/2"" 26"" 23 1/2"" XL 29 1/2"" 27"" 24 1/2"" 2XL 30 1/2"" 28"" 25 1/2""",298,9500,3,c1716ad73405484daf160cad3f112e2d.png
16,Badtz-maru x GIRL Tokyo Speed Racing Tee (Black),"Don't forget your helmet. This black tee is a cute statement tee and features a playful graphic layout with a safety pylon and Badtz-maru character logos. Girl Skateboards is a Torrance, California based skateboarding company that was started in August 1993 by Rick Howard, Mike Carroll, Megan Baltimore, and Spike Jonze. ‚ô° Unisex fit ‚ô° Graphic on sleeve ‚ô° Woven tab on bottom hem",441,2400,3,4cb149b32b3f5892b98ba27ea4a9ece5.png
17,Cinnamoroll x Dumbgood Tie-dye Glitter Print Tee,"Fly high with CInnamoroll in our newest Dumbgood capsule featuring a flurry of sherbet-colored stars, embroidered denim, and more. This tee has a dreamy, pale blue tie-dye. The glitter-print graphic front has Cinnamoroll with his unicorn friend, Cornet, flying among the clouds. Founded in 2017 by Amelia Muqbel and Justin Deanda , Dumbgood creates streetwear pieces with an emphasis on 90s nostalgia featuring film, TV, and icons of the decade. ‚ô° Tie-dye body ‚ô° Glitter print design ‚ô° Unisex regular fit ‚ô° 100% Cotton Size Body Length Chest Width Sleeve Length XS 27"" 21"" 7 1/2"" S 28"" 22"" 8 1/2 "" M 29"" 23"" 9 1/2 "" L 30"" 24"" 10 1/2 "" XL 31"" 25"" 11 1/2 "" 2XL 32"" 26"" 12 1/2 "" 3XL 33"" 27"" 13 1/2 """,723,4800,3,567a376e74a089c8bbf949d46787a5fc.png
22,My Melody x GIRL Tokyo Speed Tee (White),"A cute white tee to wear whenever! It has the small GIRL logo paired with My Melody's silhouette at the chest and a larger My Melody graphic at the back. Girl Skateboards is a Torrance, California based skateboarding company that was started in August 1993 by Rick Howard, Mike Carroll, Megan Baltimore, and Spike Jonze. ‚ô° Unisex fit ‚ô° Graphic chest and back ‚ô° Woven tab on bottom hem",525,2400,3,feef3b7550340e0500279629ad6078c0.png
36,Chococat x Dumbgood Classic Tee,"Done in the perfect neutral beige, this simple graphic tee has Chococat front and center. Wear it oversized for a loose, baggier look. Founded in 2017 by Amelia Muqbel and Justin Deanda, Dumbgood creates streetwear pieces with an emphasis on 90s nostalgia featuring film, TV, and icons of the decade. ‚ô° Relaxed unisex fit ‚ô° Front graphic Size Body Length Chest Width Sleeve Length XS 27"" 21"" 7.5"" S 28"" 22"" 8.5"" M 29"" 23"" 9.5"" L 30"" 24"" 10.5"" XL 31"" 25"" 11.5"" 2XL 32"" 26"" 12.5"" 3XL 33"" 27"" 13.5""",-1,5000,3,df1879bb553f34c475ce0605bcde2e0c.png
249,Attack On Titan - Playing Cards,Attack On Titan - Playing Cards,295,79900,8,610c4e33a2256729f18e9db8d89c922f.png
18,LittleTwinStars Wooden Trinket Tray,"Keep your trinkets all in one place using this wooden tray. It's perfect for jewelry you wear on the regular. You can also keep it by the doorway for your keys and lip balm. The wooden design will last for years and adds a cozy vibe to any space. ‚ô° Solid wood ‚ô° Tray area approx. 3.5""",604,999,5,8594c83cb8f987b4f7380f5943780f92.png
101,Cadillac x Genshin Impact Traveler‚Äôs Notebook,Cadillac x Genshin Impact Traveler‚Äôs Notebook,-1,3399,9,3e3e6ec4758bd038161341b9a584d61a.png
32,Holiday 2021 Sequin Kuromi Plush,"Share the spotlight, Rudolph! You know what else is shiny and bright? Our newest Holiday 2021 Sequin collection! Celebrate with this festive Kuromi plush featuring a faux fur-trimmed hood with a glitzy sequin finish and collect them all. ‚ô° Festive faux fur-trimmed outfit ‚ô° Holiday 2021 exclusive ‚ô° Sequined design ‚ô° 8"" tall",-1,1798,7,9d5ba30529aa772b5b575363e2e746e7.png
149,Slime Series: Dessert Themed Stress Relief Knead Toy,Slime Series: Dessert Themed Stress Relief Knead Toy,860,2199,8,a2a7931e710d377c60f165e307dad614.png
158,Attack on Titan - SD Titan Mouse Pad,Attack on Titan - SD Titan Mouse Pad,445,89900,9,6a2757e83abe3e438e020007ed532dda.png
205,Attack on Titan - Captain Levi Kanji T-Shirt,Attack on Titan - Captain Levi Kanji T-Shirt,922,1998,3,16c167445195c2310f59abcc91b7e207.png
203,Attack on Titan - Mikasa Ackermann T-Shirt,Attack on Titan - Mikasa Ackermann T-Shirt,546,1998,3,f877b6493fdf27e5ad6d0caecfb22f98.png
165,Attack On Titan - Levi Ackerman Figma (Re Run),Attack On Titan - Levi Ackerman Figma (Re Run),315,7998,8,0f6134d66d6351ac29d1c4a8f56cf400.png
243,Attack on Titan - Eren Yeager Nendoroid (The Final Season Ver.),Attack on Titan - Eren Yeager Nendoroid (The Final Season Ver.),374,6498,8,c8b70e815ec7af3e53e71f022d331d21.png
244,Attack on Titan - Gathering Scout Regiment Nyan Cat Figure Set (With Gift),Attack on Titan - Gathering Scout Regiment Nyan Cat Figure Set (With Gift),-1,8000,8,ce5766e134dedd813c606629519aed49.png
47,Hello Kitty x GIRL Tokyo Speed #1 Tee (Pink),"You're number one and don't you forget it. This graphic tee has the GIRL logo at the front center with a larger #1 graphic at the back. Girl Skateboards is a Torrance, California based skateboarding company that was started in August 1993 by Rick Howard, Mike Carroll, Megan Baltimore, and Spike Jonze. ‚ô° Unisex fit ‚ô° Crewneck ‚ô° Graphic front and back ‚ô° Sleeve graphic ‚ô° Woven tab on bottom hem",861,2400,3,ec5b74939de07322c6ae348769fbba1c.png
30,Cinnamoroll x Dumbgood Striped Crop Longsleeve,"Fly high with CInnamoroll in our newest Dumbgood capsule featuring a flurry of sherbet-colored stars, embroidered denim, and more. This striped long sleeve has a cropped fit with ribbed cuffs. The front graphic features Cinnamoroll riding his unicorn friend, Cornet. Wear it with the Striped Shorts for a complete, coordinated set. Founded in 2017 by Amelia Muqbel and Justin Deanda , Dumbgood creates streetwear pieces with an emphasis on 90s nostalgia featuring film, TV, and icons of the decade. ‚ô° Puff print artwork ‚ô° Ribbed crewneck ‚ô° Cropped fit ‚ô° 100% Cotton Size Body Length Chest Width Sleeve Length XS 15"" 18 1/2"" 23 1/2"" S 16"" 19 1/2"" 24 1/2"" M 17"" 20 1/2"" 25 1/2"" L 18"" 21 1/2"" 26 1/2"" XL 19"" 22 1/2"" 27 1/2"" 2XL 20"" 23 1/2"" 28 1/2"" 3XL 21"" 24 1/2"" 29 1/2""",-1,5800,3,158d37f61ca74017881c8d1fa0afff01.png
46,Kuromi & My Melody x Dumbgood Graphic Tee,"Done in a charming shade of violet, this simple graphic tee has both Kuromi and My Melody with a heart-shaped design. Wear it oversized for a loose, baggier look. Founded in 2017 by Amelia Muqbel and Justin Deanda, Dumbgood creates streetwear pieces with an emphasis on 90s nostalgia featuring film, TV, and icons of the decade. ‚ô° Relaxed unisex fit ‚ô° Printed graphic ‚ô° Shrink-free ‚ô° 100% Cotton Size Body Length Chest Width Sleeve Length XS 27"" 21"" 7.5"" S 28"" 22"" 8.5"" M 29"" 23"" 9.5"" L 30"" 24"" 10.5"" XL 31"" 25"" 11.5"" 2XL 32"" 26"" 12.5"" 3XL 33"" 27"" 13.5""",462,5000,3,f4690d8f2730d61ab6caab784fedb5d1.png
43,Badtz-maru Mascot Plush Set (Music Note Series),"Best bros forever! Hana-maru is Badtz-maru's best friend. Even though they might have opposite personalities, that doesn't mean they can't be homies! These clips attach easily to your keys or bag. Leave them together, or give one to your bestie! The Music Note series features Badtz-Maru with his best friend, Hana Maru the seal. Both wear backwards hat and Badtz wears a printed hoodie decorated with boomboxes, record players, and music notes. üé∂ ‚ô° Music Note Series ‚ô° Set of 2 ‚ô° Lobster clasp ‚ô° Matching outfits ‚ô° Approx 3.5""",627,2800,8,495a5a0ede17e142e2920b77a5defc5b.png
33,Hello Kitty x Converse Graphic Longsleeve Tee (Size: XS),"Designed in collaboration with Converse, this long sleeve has a small graphic at the front with Hello Kitty sitting inside their signature low-top sneakers. At the back, there's a larger graphic of Hello Kitty in the center of a pile of Converse shoes. So cute! ‚ô° Note: This is a size XS ‚ô° Long sleeve ‚ô° Scoopneck ‚ô° Left chest graphic ‚ô° Graphic on the back",726,2400,3,d02fa296761acd7329f6f46913c3cd0c.png
146,Xiao Impression Worker Cargo Pants,Xiao Impression Worker Cargo Pants,778,8399,3,ba8842d6650109e8afb94e7c2afff8c4.png
177,Attack on Titan - Levi ARTFX J Figure (Fortitude Ver) (Re Run),Attack on Titan - Levi ARTFX J Figure (Fortitude Ver) (Re Run),717,2090,8,e1a83b85a9cccf51a58f7bf7c8c337e6.png
150,Xiao Impression Culottes,Xiao Impression Culottes,820,7798,3,3b866039e364c568e9c6ee37e413a626.png
23,Keroppi x Dumbgood Embroidered Socks,"Color us crazy! We're obsessed with the bright tropical colors and Keroppi's cute smile. He's even wearing a striped shirt for the occasion. Pair it with the Keroppi x Dumbgood Striped Longsleeve for a co-ord look. Founded in 2017 by Amelia Muqbel and Justin Deanda , Dumbgood creates streetwear pieces with an emphasis on 90s nostalgia featuring film, TV, and icons of the decade. ‚ô° Embroidered design ‚ô° 96% Cotton, 4% spandex ‚ô° Sock Size 10-13 ‚ô° Leg: 22 cm, Foot: 20cm, Width: 8.5cm",288,1600,3,ce368b495922ebc72990bcec2f9a94b7.png
21,Kuromi & My Melody x Dumbgood Striped Socks,"Are you an angel or a devil? Why not both with these cute striped socks from Dumbgood! The graphic is knitted into the actual sock so you won't have to worry about it fading or peeling like a printed design. Founded in 2017 by Amelia Muqbel and Justin Deanda , Dumbgood creates streetwear pieces with an emphasis on 90s nostalgia featuring film, TV, and icons of the decade. ‚ô° Knitted design ‚ô° 96% Cotton, 4% spandex ‚ô° Sizing: Sock Size 10-13 ‚ô° Leg: 22 cm, Foot: 20cm, Width: 8.5cm",535,1600,3,54d74ca81358f6bc962ebe1bd520971b.png
0,Cinnamoroll Cooling Scarf (Ice Friends Series),"Soak it up, wring it out, and cool down with these cooling towels! Designed to keep you cool post-workout or on a hot day, the longer length is perfect for wrapping around your neck. They're totally essential for any day at the beach or amusement park. ‚ô° Soak and wring out excess water to use. ‚ô° Towel: 11.8"" x 40""",780,999,7,78ca12105006db682cce97dc96c391ec.png
166,Attack On Titan - Erwin Smith Figma (Re Run),Attack On Titan - Erwin Smith Figma (Re Run),709,11520,8,3a9889c18bfc61e6402f5f819b1f25ed.png
169,Attack on Titan - J Levi ArtFX J (Renewal Package Ver),Attack on Titan - J Levi ArtFX J (Renewal Package Ver),451,7610,8,8a44c26537448478efa09dd89632b86c.png
174,Attack on Titan - Annie Leonhart 3D Crystal Figure,Attack on Titan - Annie Leonhart 3D Crystal Figure,904,5590,8,7ad6e3e3f4d55c429d9721b251117577.png
182,Attack on Titan:The Final Season - Levi Birthday Figure,Attack on Titan:The Final Season - Levi Birthday Figure,303,6660,8,ca19078ff5c74ec016b3f1ece88a475c.png
171,Attack on Titan - Levi Ackerman Nendoroid,Attack on Titan - Levi Ackerman Nendoroid,308,5499,8,8fe1d3bce3d7248f98b0d65847b33b06.png
172,Attack On Titan - Levi Figure,Attack On Titan - Levi Figure,-1,2699,8,4e6908a87804dc03914eed22e1b7f518.png
180,Attack On Titan - Eren Yeager Q Posket Figure (Ver A),Attack On Titan - Eren Yeager Q Posket Figure (Ver A),643,2699,8,c6de130ae4a751dedd6a0e64201097db.png
181,Attack On Titan - Levi Q Posket Figure (Ver A),Attack On Titan - Levi Q Posket Figure (Ver A),-1,2699,8,29f67c1bc753234f9b4f64ec88fd287f.png
173,Attack On Titan - Eren Yeager Master Stars Figure,Attack On Titan - Eren Yeager Master Stars Figure,881,2699,8,f7a339060547f165a1b362b9849a052b.png
185,Attack On Titan - Eren Yaeger Cutie1 Plus Figure,Attack On Titan - Eren Yaeger Cutie1 Plus Figure,965,5600,8,1a2623ab71b6ab5b8d6332889a606ad3.png
13,Kuromi Wooden Trinket Tray,"Keep your trinkets all in one place using this wooden tray. It's perfect for jewelry you wear on the regular. You can also keep it by the doorway for your keys and lip balm. The wooden design will last for years and adds a cozy vibe to any space. ‚ô° Solid wood ‚ô° Tray area approx. 3.5""",917,999,5,0ed1ff5b18861c4f83a9a5ff485b1349.png
175,Attack on Titan - Eren Yeager T-Shirt,Attack on Titan - Eren Yeager T-Shirt,712,2494,3,64ada13d3b9a7345d20ac64eb7b0ba88.png
167,Attack on Titan - Ymir Sasha Historia T-Shirt,Attack on Titan - Ymir Sasha Historia T-Shirt,436,2495,3,7935d2ed893013151639e9fdf0f1c13d.png
193,Attack On Titan - Eren Jaeger Final Season Crew Sweatshirt - Crunchyroll Exclusive!,Attack On Titan - Eren Jaeger Final Season Crew Sweatshirt - Crunchyroll Exclusive!,874,5495,3,0dbb57382b412cb4c0e9c6c8d50d9f4d.png
163,Attack on Titan - Mikasa Battle Long Sleeve,Attack on Titan - Mikasa Battle Long Sleeve,634,2994,3,6ed5697f9f4ff76f18a4b6cdc5f26bf1.png
164,Attack on Titan - Wings of Freedom Hoodie,Attack on Titan - Wings of Freedom Hoodie,784,5495,3,d5abe63aad7cf6d64eb028fcf2d695b8.png
168,Attack on Titan - Beast Titan Crew Sweatshirt - Crunchyroll Exclusive!,Attack on Titan - Beast Titan Crew Sweatshirt - Crunchyroll Exclusive!,-1,5495,3,dbaf9555580f1eaa20d93a9797a18c5e.png
176,Attack on Titan - Trio Watermelon T-Shirt - Crunchyroll Exclusive!,Attack on Titan - Trio Watermelon T-Shirt - Crunchyroll Exclusive!,565,2696,3,0c9b92d182e610151ce29be743aae27e.png
199,Attack on Titan - Final Season - Part 1  - Limited Edition - Blu-ray + DVD,Attack on Titan - Final Season - Part 1  - Limited Edition - Blu-ray + DVD,449,6374,4,77ab7860d355bc392569d20a5a5e2230.png
200,Attack on Titan - Season 2 - Blu-ray + DVD,Attack on Titan - Season 2 - Blu-ray + DVD,759,3249,4,d402aec481c3b13207c788b3fddf7ad2.png
208,Attack on Titan - Part 2 - Standard Edition - Blu-ray + DVD,Attack on Titan - Part 2 - Standard Edition - Blu-ray + DVD,897,3749,4,129d20b0edcee88bc2cfe7716ead7ffe.png
192,Attack On Titan - Mikasa Thunder Spears Crew Sweatshirt - Crunchyroll Exclusive!,Attack On Titan - Mikasa Thunder Spears Crew Sweatshirt - Crunchyroll Exclusive!,304,5495,3,ed76a9398c5c0dc0c69712d75605d05b.png
194,Attack On Titan - Mercy Of The Titans T-Shirt - Crunchyroll Exclusive!,Attack On Titan - Mercy Of The Titans T-Shirt - Crunchyroll Exclusive!,-1,2495,3,72ab23a6071f2a9bbdc68061fc4fee70.png
201,Attack on Titan - Black Skull T-Shirt,Attack on Titan - Black Skull T-Shirt,554,1998,3,d4c6e2b725e1c04a9c6a6d422854ab94.png
191,Attack On Titan - Scout Regiment Holiday Sweater - Crunchyroll Exclusive!,Attack On Titan - Scout Regiment Holiday Sweater - Crunchyroll Exclusive!,732,5495,7,3d2dfbe8a324855cbbef166e839bad95.png
179,Attack on Titan - Eren Yeager Final Season Otaku Lamp,Attack on Titan - Eren Yeager Final Season Otaku Lamp,402,3495,8,a92cc34ebeb8241865a586d998044bb4.png
183,Attack on Titan - Mikasa Ackerman Final Season Otaku Lamp,Attack on Titan - Mikasa Ackerman Final Season Otaku Lamp,641,3495,8,effc2994488c6dd1fc7386d34725dcaa.png
184,Attack on Titan - Scout Regiment Otaku Lamp,Attack on Titan - Scout Regiment Otaku Lamp,941,3495,8,813a77cf09e66afa224d1ce59bbde835.png
1,Hello Kitty & Friends Paisley Tote (Black),"Add a splash of color to your outfit with this colorblocked, paisley tote featuring not only Hello Kitty, but also Badtz-maru, Keroppi, and Pompompurin! Use it for all your daily essentials and co-ordinate it with your face mask and lanyard of choice from the same collection. ‚ô° 20"" x 20""",819,1698,2,ed1216ac358c6ea6f41929c4c15234e7.png
2,Hello Kitty x Gundam E.F.S.F. Logo Tee,"Time to suit up! This tee features the E.F.S.F. logo at the front. At the back is a graphic with the Hello Kitty RX-78-2 Gundam and the text, ""Creating love &amp; peace around the world. The Gundam series is an iconic anime known for its giant robots known as Mobile Suits. Through toys, hobby items, and related media franchises, it's grown as one of the largest and most well-known cultural icons of Japan. ‚ô° Front and back graphics ‚ô° Short sleeve Size Body Length Chest Width S 28.5"" 18"" M 29.5"" 20"" L 30.5"" 22"" XL 31.5"" 24"" 2XL 32.5"" 26""",751,1499,3,10f91d2d7b110e3f1cacf0dcd360b11a.png
27,Pochacco Paisley Face Mask,"Help keep yourself and others safe with the reusable Badtz-maru Pochacco Face Mask. It has two elastic loops and can be washed for repeated use. It also features his friends Choppy and the Pi-chans throughout. ‚ô° Reusable fabric ‚ô° 8"" x 6""",463,499,1,c33d9ae97fdc599a442be0cef989eda3.png
154,Yoimiya Impression T-Shirt,Yoimiya Impression T-Shirt,662,4199,3,79d7fe161fb8535b37275839a5091a1a.png
207,Attack on Titan - Part 2 - Limited Edition - Blu-ray + DVD,Attack on Titan - Part 2 - Limited Edition - Blu-ray + DVD,497,6748,4,c23474e120c3a4a27f0e275eca6e8833.png
186,Attack On Titan - Levi Ackerman Cutie1 Plus Figure,Attack On Titan - Levi Ackerman Cutie1 Plus Figure,530,5600,8,f9527ac9db0826878bad3c1a6e392a7a.png
187,Attack On Titan - Mikasa Ackerman Cutie1 Plus Figure,Attack On Titan - Mikasa Ackerman Cutie1 Plus Figure,853,5600,8,f39657c73233a28e7f10d895fcbf4442.png
188,Attack On Titan - Armin Arlert Cutie1 Plus Figure,Attack On Titan - Armin Arlert Cutie1 Plus Figure,754,5600,8,1d53969158ab202191aca545146136a3.png
204,Attack on Titan - Scout Regiment Long Sleeve Shirt,Attack on Titan - Scout Regiment Long Sleeve Shirt,407,2999,3,84dc8facf7171abd31f6c5639d6dc59a.png
29,Pompompurin Paisley Face Mask,"Help keep yourself and others safe with the reusable Pompompurin Paisley Face Mask. It has two elastic loops and can be washed for repeated use. It also features his friend Muffin too! ‚ô° Reusable fabric ‚ô° 8"" x 6""",575,499,1,337e508f2b8fedc7501ae9495a386fe6.png
31,Hello Kitty x Gundam Amuro Ray Sticker,"Time to suit up! This sticker features Hello Kitty dressed as Amuro Ray, the main pilot of the famed RX-78-2 Gundam. Stick on your water bottle, laptop, or wherever else. The Gundam series is an iconic anime known for its giant robots known as Mobile Suits. Through toys, hobby items, and related media franchises, it's grown as one of the largest and most well-known cultural icons of Japan. ‚ô° One sticker",495,909,9,50b1bba10f4e3a0d3846207e933056f9.png
34,Badtz-maru Mascot Hair Clip,"Absolutely adorable! Showcase your favorite Sanrio character by wearing them in your hair. These mascot plush hair clips are finished with a little bow for a darling touch. Wear them alone or together for a super playful look. ‚ô° Non-toothed duckbill clip ‚ô° Bow detail ‚ô° Approx. 2.5""",-1,799,1,db45c63c3fed5ffe271dd8d6ab3882cc.png
19,Cinnamoroll Wooden Trinket Tray,"Keep your trinkets all in one place using this wooden tray. It's perfect for jewelry you wear on the regular. You can also keep it by the doorway for your keys and lip balm. The wooden design will last for years and adds a cozy vibe to any space. ‚ô° Solid wood ‚ô° Tray area approx. 3.5""",-1,999,5,dbaaa7469453d45ab1214adf41b878f1.png
48,Hangyodon Cooling Scarf (Ice Friends Series),"Soak it up, wring it out, and cool down with these cooling towels! Designed to keep you cool post-workout or on a hot day, the longer length is perfect for wrapping around your neck. They're totally essential for any day at the beach or amusement park. ‚ô° Soak and wring out excess water to use. ‚ô° Towel: 11.8"" x 40""",702,999,7,d3b8a14a66e2a8c291f12cb3e8af9446.png
152,Genshin Concert 2022 Melodies of an Endless Journey Keychain,Genshin Concert 2022 Melodies of an Endless Journey Keychain,570,1399,1,168badaa850a4673df23a2d8864e6018.png
